ID V7/V7.1;ID V8;Situação;Título V7/V7.1;Título V8
REC-0001;REC-0001;MANTIDA;Doce de Leite sem Leite e sem Açúcar;Doce de Leite sem Leite e sem Açúcar
REC-0002;REC-0002;MANTIDA;Doce de Leite sem Leite de Vaca;Doce de Leite sem Leite de Vaca
REC-0003;REC-0003;MANTIDA;Doce de Leite Ninho Zero Lactose e Zero Açúcar;Doce de Leite Ninho Zero Lactose e Zero Açúcar
REC-0004;REC-0004;MANTIDA;Recheio de Leite Ninho;Recheio de Leite Ninho
REC-0005;REC-0005;MANTIDA;Marrom Glacê de Batata Doce;Marrom Glacê de Batata Doce
REC-0006;REC-0006;MANTIDA;Bolo de Milho Verde;Bolo de Milho Verde
REC-0007;REC-0007;MANTIDA;Bolacha de Coco;Bolacha de Coco
REC-0008;REC-0008;MANTIDA;Pão do Sinval;Pão do Sinval
REC-0009;REC-0009;MANTIDA;Panetone com Pamix;Panetone com Pamix
REC-0010;REC-0010;MANTIDA;Cajuzinho de Banana;Cajuzinho de Banana
REC-0011;REC-0011;MANTIDA;Queijadinha;Queijadinha
REC-0012;REC-0012;MANTIDA;Pudim de Laranja;Pudim de Laranja
REC-0013;REC-0013;MANTIDA;Bolacha de Sal Amoníaco;Bolacha de Sal Amoníaco
REC-0014;REC-0014;MANTIDA;Caramelo para Pudim;Caramelo para Pudim
REC-0015;REC-0015;MANTIDA;4 Leites Trufados;4 Leites Trufados
REC-0016;REC-0016;MANTIDA;Fatias Húngaras / Rosca Estrela da Nicole;Fatias Húngaras / Rosca Estrela da Nicole
REC-0017;REC-0017;MANTIDA;Bolacha de Nata — Variante 1;Bolacha de Nata — Variante 1
REC-0018;REC-0018;MANTIDA;Bolacha de 02/02/2025;Bolacha de 02/02/2025
REC-0019;REC-0019;MANTIDA;Pudim de Leite Condensado;Pudim de Leite Condensado
REC-0020;REC-0020;MANTIDA;Bolo Tradicional de Aniversário;Bolo Tradicional de Aniversário
REC-0021;REC-0021;MANTIDA;Creme de Ameixa;Creme de Ameixa
REC-0022;REC-0022;MANTIDA;Bolo de Pique-Nique;Bolo de Pique-Nique
REC-0023;REC-0023;MANTIDA;Doce de Abóbora;Doce de Abóbora
REC-0024;;EXCLUÍDA;Mousse de Leite Ninho com Gelatina;
REC-0025;REC-0024;MANTIDA;Danone;Danone
REC-0026;;EXCLUÍDA;Bolo de Chocolate da Isamara Amâncio;
REC-0027;;EXCLUÍDA;Brigadeiro de Paçoca;
REC-0028;REC-0025;MANTIDA;Pizza Enrolada;Pizza Enrolada
REC-0029;REC-0026;MANTIDA;Molho de Pimenta;Molho de Pimenta
REC-0030;REC-0027;MANTIDA;Bolacha Palito;Bolacha Palito
REC-0031;REC-0028;MANTIDA;Pudim Gostoso;Pudim Gostoso
REC-0032;REC-0029;MANTIDA;Brigadeiro de Alma Branca;Brigadeiro de Alma Branca
REC-0033;REC-0030;MANTIDA;Pudim de Maria Mole;Pudim de Maria Mole
REC-0034;REC-0031;MANTIDA;Beijinho;Beijinho
REC-0035;;EXCLUÍDA;Bolo Brigadeiro;
REC-0036;REC-0032;MANTIDA;Cocadinha;Cocadinha
REC-0037;REC-0033;MANTIDA;Biscoito Amanteigado;Biscoito Amanteigado
REC-0038;;EXCLUÍDA;Cobertura para Bolo — Variante 1;
REC-0039;REC-0034;MANTIDA;Gelatina (02/02/2023);Gelatina (02/02/2023)
REC-0040;REC-0035;MANTIDA;Creme Branco para Frutas;Creme Branco para Frutas
REC-0041;REC-0036;MANTIDA;Cobertura para Bolo — Variante 2;Cobertura para Bolo — Variante 2
REC-0042;REC-0037;MANTIDA;Bolo de Fubá Cremoso;Bolo de Fubá Cremoso
REC-0043;REC-0038;MANTIDA;Biliscão;Biliscão
REC-0044;REC-0039;MANTIDA;Pudim de Leite em Pó;Pudim de Leite em Pó
REC-0045;REC-0040;MANTIDA;Pudim de Leite Condensado;Pudim de Leite Condensado
REC-0046;REC-0041;MANTIDA;Creme Firme para Bolo;Creme Firme para Bolo
REC-0047;REC-0042;MANTIDA;Recheio Creme 4 Leites;Recheio Creme 4 Leites
REC-0048;REC-0043;MANTIDA;Glacê de Leite Condensado;Glacê de Leite Condensado
REC-0049;REC-0044;MANTIDA;Cajuzinho;Cajuzinho
REC-0050;REC-0045;MANTIDA;Chantilly com Chocolate Branco;Chantilly com Chocolate Branco
REC-0051;REC-0046;MANTIDA;Brigadeiro de Leite;Brigadeiro de Leite
REC-0052;REC-0047;MANTIDA;Quibe — Variante 2;Quibe — Variante 2
REC-0053;REC-0048;MANTIDA;Creme de Milho;Creme de Milho
REC-0054;REC-0049;MANTIDA;Bolo de Chocolate da Celina;Bolo de Chocolate da Celina
REC-0055;REC-0050;MANTIDA;Bolo de Coco Baiano;Bolo de Coco Baiano
REC-0056;REC-0051;MANTIDA;Bolo Cortado pela Samantha (Receita Márcia);Bolo Cortado pela Samantha (Receita Márcia)
REC-0057;REC-0052;MANTIDA;Ganache de Chocolate;Ganache de Chocolate
REC-0058;REC-0053;MANTIDA;Creme de Limão;Creme de Limão
REC-0059;REC-0054;MANTIDA;Glacê de Emulsificante;Glacê de Emulsificante
REC-0060;REC-0055;MANTIDA;Rosca Doce;Rosca Doce
REC-0061;REC-0056;MANTIDA;Bananinha (Receita da Graça);Bananinha (Receita da Graça)
REC-0062;REC-0057;MANTIDA;Rosca Espiral (Fatias Húngaras);Rosca Espiral (Fatias Húngaras)
REC-0063;REC-0058;MANTIDA;Bolo de Chocolate — Variante 3;Bolo de Chocolate — Variante 3
REC-0064;REC-0059;MANTIDA;Leite Condensado Caseiro;Leite Condensado Caseiro
REC-0065;REC-0060;MANTIDA;Pudim de Pão (Pão Velho);Pudim de Pão (Pão Velho)
REC-0066;REC-0061;MANTIDA;Bolinhos de Chuva;Bolinhos de Chuva
REC-0067;REC-0062;MANTIDA;Brigadeiro;Brigadeiro
REC-0068;REC-0063;MANTIDA;Feijoada Carioca;Feijoada Carioca
REC-0069;REC-0064;MANTIDA;Pavê de Pêssego;Pavê de Pêssego
REC-0070;REC-0065;MANTIDA;Coxinha;Coxinha
REC-0071;REC-0066;MANTIDA;Pão de Banana;Pão de Banana
REC-0072;REC-0067;MANTIDA;Bolo de Laranja;Bolo de Laranja
REC-0073;REC-0068;MANTIDA;Bolo de Fubá;Bolo de Fubá
REC-0074;REC-0069;MANTIDA;Rocambole Formiguinha;Rocambole Formiguinha
REC-0075;REC-0070;MANTIDA;Esfirra Habib's;Esfirra Habib's
REC-0076;REC-0071;MANTIDA;Pão de Ló — Variante 2;Pão de Ló — Variante 2
REC-0077;REC-0072;MANTIDA;Bolo de Milho;Bolo de Milho
REC-0078;REC-0073;MANTIDA;Bolo Nega Maluca;Bolo Nega Maluca
REC-0079;REC-0074;MANTIDA;Pé de Moleque;Pé de Moleque
REC-0080;REC-0075;MANTIDA;Bolo de Cenoura — Variante 3;Bolo de Cenoura — Variante 3
REC-0081;REC-0076;MANTIDA;Risoles — Variante 1;Risoles — Variante 1
REC-0082;REC-0077;MANTIDA;Doce de Mamão (Márcia);Doce de Mamão (Márcia)
REC-0083;REC-0078;MANTIDA;Pizza de Liquidificador;Pizza de Liquidificador
REC-0084;REC-0079;MANTIDA;Recheio de Leite em Pó;Recheio de Leite em Pó
REC-0085;REC-0080;MANTIDA;Risoles — Variante 2;Risoles — Variante 2
REC-0086;REC-0081;MANTIDA;Bolo de Chocolate — Variante 4;Bolo de Chocolate — Variante 4
REC-0087;REC-0082;MANTIDA;Torta de Liquidificador;Torta de Liquidificador
REC-0088;REC-0083;MANTIDA;Esfirra — Variante 1;Esfirra — Variante 1
REC-0089;REC-0084;MANTIDA;Pão de Queijo;Pão de Queijo
REC-0090;REC-0085;MANTIDA;Creme de Queijo;Creme de Queijo
REC-0091;REC-0086;MANTIDA;Pão;Pão
REC-0092;REC-0087;MANTIDA;Massa Doce;Massa Doce
REC-0093;REC-0088;MANTIDA;Bolo Toalha Felpudo;Bolo Toalha Felpudo
REC-0094;REC-0089;MANTIDA;Bacalhau com Broa de Milho;Bacalhau com Broa de Milho
REC-0095;REC-0090;MANTIDA;Pudim de Bar da Lourdes;Pudim de Bar da Lourdes
REC-0096;REC-0091;MANTIDA;Pão de Forma (Doce/Salgado);Pão de Forma (Doce/Salgado)
REC-0097;REC-0092;MANTIDA;Quindim;Quindim
REC-0098;REC-0093;MANTIDA;Bolo de Iogurte Natural;Bolo de Iogurte Natural
REC-0099;REC-0094;MANTIDA;Fatias Húngaras / Rosca Estrela — Variante 2;Fatias Húngaras / Rosca Estrela — Variante 2
REC-0100;REC-0095;MANTIDA;Pão Caseiro Baguete;Pão Caseiro Baguete
REC-0101;REC-0096;MANTIDA;Torta Salgada;Torta Salgada
REC-0102;REC-0097;MANTIDA;Sonho Assado;Sonho Assado
REC-0103;REC-0098;MANTIDA;Esfiha — Variante 2;Esfiha — Variante 2
REC-0104;REC-0099;MANTIDA;Pão de Mel;Pão de Mel
REC-0105;REC-0100;MANTIDA;Pasta de Alho;Pasta de Alho
REC-0106;REC-0101;MANTIDA;Bombom Happy End;Bombom Happy End
REC-0107;REC-0102;MANTIDA;Sonho;Sonho
REC-0108;REC-0103;MANTIDA;Bolo de Mel e Chocolate;Bolo de Mel e Chocolate
REC-0109;REC-0104;MANTIDA;Recheio Creme Branco com Bombom;Recheio Creme Branco com Bombom
REC-0110;REC-0105;MANTIDA;Recheio de Chocolate Branco com Bombom;Recheio de Chocolate Branco com Bombom
REC-0111;REC-0106;MANTIDA;Recheio de Coco;Recheio de Coco
REC-0112;REC-0107;MANTIDA;Cobertura com Emulsificante — Variante 2;Cobertura com Emulsificante — Variante 2
REC-0113;REC-0108;MANTIDA;Recheio de Doce de Leite — Anotação Incompleta;Recheio de Doce de Leite — Anotação Incompleta
